{
    "55 Cnc e": {
        "a": 3.514163107163081,
        "ecc": 0,
        "fp": null,
        "inc": 83.3,
        "limb_dark": "quadratic",
        "per": 0.736539,
        "rp": 0.0187,
        "t0": 2455733.013,
        "t_secondary": null,
        "u": [
            0.4,
            0.2
        ],
        "w": 90
    },
    "WASP-189 b": {
        "a": 4.4,
        "ecc": 0,
        "fp": 1e-06,
        "inc": 83.4,
        "limb_dark": "quadratic",
        "per": 2.7240338,
        "rp": 0.06099180272790763,
        "t0": 2456706.4558,
        "t_secondary": 0.5,
        "u": [
            0,
            0
        ],
        "w": 90
    }
}