{
    "55 Cnc e": {
        "a": 3.514163107163081,
        "ecc": 0,
        "fp": null,
        "inc": 83.3,
        "limb_dark": "quadratic",
        "per": 0.736539,
        "rp": 0.0187,
        "t0": 2455733.013,
        "t_secondary": null,
        "u": [
            0.5463,
            0.1521
        ],
        "w": 90
    },
    "WASP-189 b": {
        "a": 4.4,
        "ecc": 0,
        "fp": 1e-06,
        "inc": 83.4,
        "limb_dark": "quadratic",
        "per": 2.7240338,
        "rp": 0.06099180272790763,
        "t0": 2456706.4558,
        "t_secondary": 2456707.8178169,
        "u": [
            0,
            0
        ],
        "w": 90
    },
    "WASP-43 b": {
        "a": 4.867,
        "ecc": 0,
        "fp": 1e-06,
        "inc": 82.6,
        "limb_dark": "quadratic",
        "per": 0.813475,
        "rp": 0.15942,
        "t0": 2455528.868634,
        "t_secondary": 2455529.2753715,
        "u": [
            0,
            0
        ],
        "w": 90
    },
    "MASCARA-1 b": {
        "a": 4.403,
        "ecc": 0,
        "fp": 1e-06,
        "inc": 87,
        "limb_dark": "quadratic",
        "per": 2.148780,
        "rp": 0.0735,
        "t0": 2457097.278,
        "t_secondary": 2457098.35239,
        "u": [
            0,
            0
        ],
        "w": 90
    },
    "KELT-9 b": {
        "a": 3.153,
        "ecc": 0,
        "fp": 1e-06,
        "inc": 86.79,
        "limb_dark": "quadratic",
        "per": 1.4811235,
        "rp": 0.08228,
        "t0": 2458711.58627,
        "t_secondary": 2458712.3268317496,
        "u": [
            0,
            0
        ],
        "w": 90
    },
    "WASP-69 b" : {
        "a": 12.00,
        "ecc": 0,
        "fp": 1e-06,
        "inc": 86.71,
        "limb_dark": "quadratic",
        "per": 3.868140,
        "rp": 0.1341640786499874,
        "t0": 2455748.83422,
        "t_secondary": 2455750.76829,
        "u": [
            0.4776,
            0.1729
        ],
        "w": 90
    }
}